{"Freq_1":[0,3.4641016151377544],"Freq_2":[0,1.7320508075688783,3.4641016151377544],"Freq_3":[0,1.0954451150103315,2.4494897427831788,3.4641016151377544],"Freq_4":[0,0.80570784117217575,1.7320508075688779,2.81465156744174,3.4641016151377544],"Freq_5":[0,0.6386983640681686,1.3399720622936941,2.155155673886231,3.0188682948024237,3.4641016151377539],"Freq_6":[0,0.52959860907326706,1.0954451150103324,1.7320508075688779,2.4494897427831783,3.1421921435701243,3.4641016151377553],"Freq_7":[0,0.45257437781000409,0.92794942505240807,1.4487620032520658,2.0314284487954182,2.6601779603296829,3.2214999581726103,3.4641016151377544],"Freq_8":[0,0.39522700471230893,0.80570784117217487,1.2467989247619591,1.732050807568877,2.2648502233446535,2.8146515674417407,3.2751720307569476,3.4641016151377544],"Freq_9":[0,0.35084063786005704,0.71238166095001865,1.0954451150103319,1.5103009447888751,1.9635970385114063,2.4494897427831779,2.9303984802453469,3.3130362671822455,3.4641016151377544],"Freq_10":[0,0.31545273778453164,0.63869836406816927,0.97762718855019526,1.3399720622936946,1.7320508075688776,2.1551556738862305,2.5972941410272026,3.0188682948024232,3.340677141279635,3.4641016151377539],"Freq_11":[0,0.28657094116769888,0.57899213634853652,0.88318551714317339,1.2050458556552071,1.5498794701851322,1.9208014645464122,2.3150466968732966,2.7168941935566937,3.0877221285483079,3.3614369665798125,3.4641016151377544],"Freq_12":[0,0.26254765816858444,0.52959860907326683,0.80570784117217431,1.0954451150103326,1.4031271574312836,1.7320508075688776,2.0827412737409072,2.449489742783177,2.8146515674417394,3.1421921435701239,3.3774065662301038,3.4641016151377544],"Freq_13":[0,0.24224943672032626,0.48803898932004225,0.74094610573551156,1.0045740753686654,1.2824175150777783,1.5774717702371082,1.8913492728587227,2.222525961532916,2.56327929863687,2.8953176396566862,3.1859226316089155,3.3899442972927831,3.4641016151377539],"Freq_14":[0,0.2248705862430459,0.452574377810003,0.68597179078449111,0.92794942505240918,1.1813498361198917,1.4487620032520661,1.732050807568877,2.0314284487954177,2.3438002465923558,2.6601779603296833,2.9624788162917604,3.2214999581726103,3.3999618586970382,3.4641016151377553],"Freq_15":[0,0.2098225107845694,0.42194770987866081,0.63869836406817071,0.86242037895700463,1.0954451150103313,1.3399720622936937,1.5978062523962777,1.8698443118572712,2.1551556738862305,2.4494897427831783,2.7431721740317561,3.0188682948024232,3.2507924095215768,3.4080886857958528,3.4641016151377544],"Freq_16":[0,0.19666510317350525,0.39522700471230859,0.59759751459381427,0.80570784117217487,1.0214880361033691,1.2467989247619595,1.4832795267072516,1.732050807568877,1.9931879506914119,2.264850223344653,2.5419805444811923,2.8146515674417403,3.0665883288448783,3.2751720307569476,3.414770191021526,3.4641016151377553],"Freq_17":[0,0.18506264007650874,0.37170626162614873,0.56152321691062446,0.75612176022860733,0.95711478970495156,1.1660791789256759,1.3844639952565068,1.6134134325585463,1.8534533535950415,2.1039726946365849,2.362427078281149,2.6232392412011625,2.8765406917173855,3.1072704767500321,3.2956620056471708,3.4203284788811175,3.4641016151377544],"Freq_18":[0,0.174754532784943,0.35084063786005748,0.52959860907326572,0.712381660950018,0.90054983589189208,1.0954451150103313,1.2983345412969529,1.5103009447888744,1.7320508075688767,1.9635970385114061,2.2037661983564409,2.4494897427831779,2.6948985866045687,2.9303984802453469,3.1421921435701248,3.3130362671822442,3.4250010016801928,3.4641016151377539],"Freq_19":[0,0.16553540076951373,0.33220279366384681,0.50114093994450082,0.67349907718001711,0.85043374353181922,1.033093247148043,1.2225815057123903,1.4198886832305684,1.6257699931263985,1.8405464956330559,2.0637946314924411,2.2938904943165612,2.5273940014606233,2.758321666192713,2.9774945462092703,3.1723620090098361,3.3278879443893232,3.4289658299105863,3.4641016151377539],"Freq_20":[0,0.15724117312772021,0.31545273778453053,0.47561039775698571,0.63869836406816927,0.805707841172175,0.97762718855019493,1.155418418325842,1.3399720622936944,1.5320287203043168,1.7320508075688776,1.9400228632908514,2.155155673886231,2.3754742686571273,2.5972941410272035,2.8146515674417403,3.0188682948024232,3.1985831361798915,3.3406771412796346,3.4323585671553674,3.4641016151377544],"Freq_21":[0,0.14973919094256485,0.30031653009225284,0.45257437781000359,0.60736202682204632,0.76553513513030647,0.92794942505240763,1.0954451150103326,1.2688169049290736,1.4487620032520656,1.6357956188701492,1.8301197964599212,2.0314284487954173,2.238631514579315,2.4494897427831779,2.6601779603296825,2.8648506674312295,3.0553750330548559,3.22149995817261,3.3517647886465713,3.4352839149898649,3.4641016151377544],"Freq_22":[0,0.14292102739890458,0.28657094116770349,0.431681999740536,0.57899213634853841,0.72924492476443181,0.88318551714317439,1.0415501619718632,1.2050458556552068,1.3743151892218421,1.5498794701851324,1.732050807568877,1.9208014645464115,2.1155775629834519,2.3150466968732957,2.5167798460319077,2.7168941935566937,2.9097321463072241,3.0877221285483079,3.2416335374230276,3.3614369665798121,3.4378237328866144,3.4641016151377544],"Freq_23":[0,0.136697192527667,0.27403220746545492,0.41264559093723324,0.55318255816328554,0.69629325000647857,0.84263010951008266,0.99284072556858938,1.1475538010561812,1.307354929873547,1.4727475682964895,1.6440929763494339,1.8215211593237797,2.0048034835636459,2.1931778750534692,2.3851216600758187,2.57807900455987,2.7681745243165974,2.949985498508072,3.11649749674264,3.2594082335571977,3.3699226114045562,3.440042753735419,3.4641016151377544],"Freq_24":[0,0.13099316926310048,0.2625476581685886,0.39522700471230876,0.52959860907326761,0.66623413873456439,0.805707841172175,0.94859160056297565,1.0954451150103324,1.2467989247619589,1.4031271574312838,1.5648057677571123,1.7320508075688776,1.9048301084235759,2.082741273740909,2.2648502233446526,2.4494897427831779,2.6340295511629646,2.81465156744174,2.9861973155067276,3.1421921435701239,3.2751720307569476,3.3774065662301025,3.4419927014312908,3.4641016151377544]}